country,model_type,order,seasonal_order,exog_set,AIC,BIC,converged,val_MAE,val_RMSE,val_sMAPE,status
Australia,SARIMA,"(1, 1, 1)","(1, 1, 1, 12)",,1014.9376556883927,1034.3881377787507,True,4.127973318309479,4.917400599319122,4.839946042885407,OK
Canada,Naive,,,,,,True,5.235294117647059,6.494341428369415,5.978058510304212,OK
Ireland,Naive,,,,,,True,4.529411764705882,5.504009233918382,5.660042175716518,OK
New_Zealand,SARIMAX,"(0, 1, 1)","(1, 0, 0, 12)",early_covid_shock+covid_period+covid_trend,1232.9715011369813,1256.1639429902739,True,4.556761620590383,6.195784333604873,5.324247681610827,OK
UK,Naive,,,,,,True,5.9411764705882355,7.033533126053656,6.857572619295066,OK
US,SARIMAX,"(1, 1, 1)","(1, 1, 1, 12)",early_covid_shock+covid_period+covid_trend,884.1730244292826,913.3487475648194,True,3.6341340268894515,4.263065486829298,4.1860940011332,OK
