model_type,n_countries,test_MAE,test_RMSE,test_sMAPE,model_label
Seasonal_Naive,6,4.71505376344086,5.9890558609844975,5.542533364001173,Seasonal Naive
Naive,6,7.876344086021505,9.312323293018425,9.059933285720629,Naive
ARIMA,6,8.745248562920375,10.688438931941212,10.093166778193874,ARIMA
SARIMA,6,9.564517076224051,11.395475041758225,10.82315777795953,SARIMA
SARIMAX,6,21.883101513188834,23.169349911288155,22.75103057628017,SARIMAX
