country,model_type,order,seasonal_order,exog_set,AIC_refit,BIC_refit,test_MAE,test_RMSE,test_sMAPE,resid_n,resid_mean,resid_std,LjungBox_p12,LjungBox_p24,ARCH_LM_p12,JarqueBera_p,status,country_label,model_label
Australia,Seasonal_Naive,,,,,,3.903225806451613,5.220925637866243,4.512261555540563,221,25.877828054298643,24.840372321674067,0.0,0.0,1.1505424999145914e-34,5.214695924261556e-06,OK,Australia,Seasonal Naive
Canada,Seasonal_Naive,,,,,,4.225806451612903,5.064105181601443,4.94175723581715,221,25.12217194570136,24.54992143641068,0.0,0.0,6.219139503031836e-36,4.611720615272491e-06,OK,Canada,Seasonal Naive
Ireland,Seasonal_Naive,,,,,,4.096774193548387,5.509522548250204,5.252198162403468,221,26.407239819004523,26.976932118732293,0.0,0.0,1.1913119221074743e-34,8.580914927509327e-06,OK,Ireland,Seasonal Naive
New_Zealand,Seasonal_Naive,,,,,,6.387096774193548,8.226628674909225,7.401847149969511,221,26.67873303167421,26.641746977701334,0.0,0.0,4.474914567937712e-34,6.896302877316268e-05,OK,New Zealand,Seasonal Naive
UK,Seasonal_Naive,,,,,,3.741935483870968,4.71100290671708,4.422433561416391,221,30.153846153846157,28.847937473994502,0.0,0.0,2.2274168721852038e-36,3.524576579472986e-06,OK,United Kingdom,Seasonal Naive
US,Naive,,,,,,3.193548387096774,4.299287262761345,3.5102554592557054,232,-42.05172413793103,23.18506192749071,0.0,0.0,7.145777929627378e-40,4.265036683420681e-06,OK,United States,Naive
